bls_power,depth_ppm,duration_hrs,snr_stacked,sec_ratio,odd_even,sin_corr,duty_cycle,scatter_ppm,pp_scatter,best_period,transit_frac,fap_proxy,n_transits,shape_score,trend_power,depth_sig,label
35.6618324936478,833.9272271465703,3.84,3.678949144878823,-0.42739970166862556,0.4388620524645805,-0.28634250291132435,0.09466923190765132,910.3759803264008,603.8803132658032,1.690095047523762,0.09013785790031813,1.027452031578876,14,1.0420703249677907,10.810870017232102,0.9160240704324261,planet
59.28035148583505,873.2625306467374,1.92,3.250460306976385,0.0579973727475628,0.08051261631671282,0.004248539206132586,0.018712848116077693,666.1913488974496,598.9898387926962,4.275137568784393,0.017624521072796936,3.1156979773956115,6,0.6624286150034766,5.586965207390969,1.3108264183639897,blend
84.86169860025014,5199.925490058004,1.92,2.2298962140687624,-0.012577680420273069,0.1173468017391304,0.0030820877616021046,0.020801248699271593,6196.333493328362,5922.582906604745,3.84592296148074,0.020594770124765,4.657050183537182,7,1.1383586651871531,7.289323441075115,0.8391938000856475,planet
89.64481290405394,5670.064217616196,1.92,2.6061133795455085,-0.003163226149635583,0.5240547006834992,-0.0007927744524651933,0.01732892669447906,4920.137970957134,4620.291643175234,4.61655827913957,0.014522375215146299,2.8771561152479457,5,1.0039064132866597,17.32430355933561,1.1524195253601093,blend
20.809066699796038,1397.6456663653532,3.84,2.5011881222396797,-0.656174695087143,0.4456411338126087,0.2991382148464888,0.033593109967440395,1263.2672631982368,894.4632889358872,4.76288144072036,0.031569173630454965,1.3397417484503507,5,0.8801097652337186,136.21376445791182,1.1063728165123938,planet
36.053958290756896,398.1539806368451,3.84,3.2126149384815745,-0.14567210876320366,0.4337628870012345,0.00570846397343499,0.02506976015049381,256.8148990331045,229.65724785828368,6.382191095547774,0.02459016393442623,2.417068341584388,4,0.5223776845937019,1.3624764080157055,1.5503478645047657,planet
343.43028571310106,1247.6966721370995,3.84,4.820706172772109,-0.03134438871384013,0.11657486679915902,-0.0018704062108897365,0.049967192626152165,780.8198821580877,616.9589088617089,3.2021010505252625,0.030255314362838827,3.2272362394366794,8,0.8137545185817487,5.553954190848688,1.5979294363755074,blend
12.131749453047274,4900.105540933569,1.92,2.667229407696179,0.18156433878203904,0.10037792854245689,-0.025442759099715342,0.0066070358817575245,2631.950639146571,2546.959490060341,12.108304152076037,0.007692307692307693,1.3946225456458423,2,0.5356375097222281,51.075149232735306,1.8617764354220667,planet
133.85042534786055,1662.3690777139982,2.88,2.4632391659242203,-0.3854962208213797,0.627462670020418,0.05481085609248858,0.18022539444027047,4062.812762799733,3778.6787118120337,0.6658329164582291,0.18071631360559073,7.861195448797165,35,2.418392934871107,26.04678192646108,0.4091669406397895,blend
23.032517269679158,10645.760944693997,1.92,1.4338947001990578,-0.06895840390509622,0.44879144783695696,-0.0024679419509773632,0.01031242946961148,12934.375517527345,12037.405868589423,7.757628814407203,0.009597741707833451,1.7763330557000758,3,1.2860058824549838,59.926127955495105,0.8230594594388025,planet
761.3216090542197,6131.594913442601,2.88,6.651487197719029,0.06285737023584148,0.1075053743353947,-0.015408844974202465,0.05510049385551854,3417.471877280875,2896.2549265456605,2.17783891945973,0.052386753793332595,5.845352836735247,11,0.526389734354074,19.25020745557372,1.7941897810528424,planet
207.24133463716814,9466.644138063853,3.84,8.875707280878078,-0.06629776088993596,0.07571835212785455,-0.17973202948175665,0.03856979198070545,3049.138077957608,2246.3095161081583,4.148324162081041,0.03966789667896679,4.54364263651665,5,0.22552076762084028,57.32629350603327,3.104694110707753,planet
321.4324455348823,10435.450209680163,0.96,6.412888411687155,-0.027866723781881406,0.18288288687287133,-0.004092812048811964,0.015342991461191596,5090.929133097083,4631.299846443116,2.607053526763382,0.015156017830609212,5.953659733346379,9,0.45944958497306776,14.697829909927995,2.0498121044398863,planet
59.05701049672096,2217.929134759207,3.84,4.625311202461624,0.015649214266825834,0.9232536120615337,-0.06976351191488309,0.014296761504592899,735.814962376392,533.0435820692925,11.191345672836418,0.013963480128893663,1.5015263976452902,2,0.43963550346609226,59.6537115627704,3.0142443874092932,planet
23.12159741000886,375.7680889717355,2.88,3.0063969928085172,0.08439650101164693,0.3330508951297682,0.00942351610938001,0.10062080536912751,579.5518858349575,509.21462187969445,1.1925962981490745,0.10128913443830571,2.1102508715952015,20,1.7626537013284638,5.6411883708687185,0.6483758396446758,planet
219.33961035082913,16178.538842554202,1.92,7.555611262713019,0.12462114620466082,0.4567592396091972,0.0020795261893600822,0.037065708656854796,7915.173041130028,2481.951302572838,2.158329164582291,0.03501167055685228,2.2452762746688437,12,0.3811417192319941,216.78001702574826,2.0439902847978866,blend
27.877265817092642,2340.054431740332,3.84,2.7536526243181,-0.41505997874499906,0.5851657988942851,0.1983715797845782,0.024917419756933627,1535.293794391946,347.0497509075465,6.421210605302651,0.02373887240356083,1.1342963732215823,3,0.2689270025821923,42.686022605606034,1.5241727128157896,planet
16.50536148462965,1896.9196752789862,3.84,2.078475416966309,0.10887389108423137,0.12281819033333485,-0.00826612378671122,0.07446798603026775,3132.150904938412,2963.1268332641625,2.148574287143572,0.07281553398058252,1.7619874308188825,12,1.5263030264048139,33.62605044565635,0.6056282494754308,planet
116.83566620998165,15348.288647206631,3.84,7.231850424870924,-0.6918929167574718,0.37456889549840094,-0.16532049665902598,0.1129179170344219,11270.482609728882,2290.94753937642,1.4169584792396197,0.11666666666666667,4.921937626042949,19,0.3040379399056593,66.95545587820241,1.3618127827236906,planet
11.975950034093529,2764.554048275635,0.96,3.030165033592316,-0.2487277735266631,0.06900753749043192,0.03786857317754147,0.005458206764735998,1597.7178711351544,1515.435978402646,7.328414207103552,0.006756756756756757,1.489649384211241,3,0.46855873970953466,24.3565157973964,1.73031319728449,planet
155.65278674695216,984.8039649830199,2.88,8.897767225361875,-0.12302437283240533,0.15835686575670085,0.21968711733501356,0.06082150101419878,439.4932255249277,301.5218736943659,1.9729864932466232,0.06478578892371996,4.565067032185067,11,0.3295432866850129,13.187035836228516,2.240766562533966,blend
1075.464396580707,8202.326948938247,2.88,7.745467172744469,0.024241468250532413,0.07524370531975805,0.052491825031106394,0.0514157110706248,3934.8362104545686,3120.8556004690413,2.3339169584792394,0.055900621118012424,6.804822224065268,10,0.4104837379179625,57.957900771988164,2.084540353320152,planet
10.987739989998953,2292.096533543595,0.96,3.860414400322052,0.23829976650967585,0.0,-0.009810640659839533,0.0033466569007010566,846.8848171188561,804.0966109792436,11.952226113056529,0.0017699115044247787,1.3751594126122446,2,0.0,7.71082807627929,2.706500082078846,planet
133.5181857461822,1409.3275573942417,1.92,4.964085450638847,0.10173799192152785,0.1929576456313175,0.13457495111353734,0.025448758752387016,780.9687588967392,541.5484751110089,3.1435717858929464,0.02531645569620253,1.5497766173634526,7,0.4978235671613449,33.51813128648569,1.8045865942173884,blend
21.448749578721955,392.1697752929127,3.84,2.9214938522367646,-0.15326592795726385,0.19237123540401227,0.08800142155560885,0.06502134580199227,414.8382092353337,353.6940317185877,2.4607303651825916,0.05660377358490566,1.5634200962541607,9,1.1438298319762916,29.993407412545245,0.9453536853852189,planet
39.420436666863864,2826.690610869506,3.84,1.2086011630237998,0.05084208514203788,0.09534960391026254,0.0015575155180862915,0.03387059197288997,5288.799513376967,4949.977312853515,4.723861930965483,0.03826955074875208,2.8341744795599997,5,1.789977506426003,14.457300580021151,0.5344672395413582,planet
18.71197239674197,953.6876464756268,3.84,1.7869106366485046,-0.5752731596751939,0.10392542672885148,-0.2632895243356295,0.012066929505197034,763.7249804105496,520.9365698782831,13.259379689844923,0.0190325138778747,1.2692276528062407,2,0.6259532574386552,111.27426190012949,1.2487301348095572,planet
67.33957346715353,9316.147229049016,0.96,8.95876091496418,-0.04804817491525999,0.03148499006965545,0.35256751495644345,0.009007040270346382,2270.55046229939,1241.0680879759716,4.440970485242621,0.008238928939237899,2.4058220603916967,4,0.19678750614023593,68.9119504601828,4.103032846308863,planet
51.1963606058203,6056.957770899245,0.96,2.4672733908156874,0.16477248563236754,0.3626105939640041,0.002298319613529908,0.007632319954183172,4935.992141542995,4596.490885413474,5.240870435217609,0.0071466106148187075,3.603139963366323,4,0.7704653768382554,7.445231868384256,1.2271001189045077,planet
99.61192264324397,17381.778985289635,1.92,4.111722682353399,0.06234594368381971,0.04188984159192719,0.00691117953136931,0.02835209644535059,13090.697461639878,11740.902333468917,2.8216608304152078,0.03089964451736396,4.164746459868529,9,0.741462745229416,85.18673573371463,1.3277961474877797,planet
682.253604558298,6934.376815256715,2.88,7.251156710176806,0.053971936154482134,0.16994500518320743,0.03404206539205651,0.06569355059564562,3915.291926124524,3262.9212949266685,1.826663331665833,0.051321378008494574,5.012103034250134,13,0.7149673757535082,42.93897482793618,1.7711003866371173,planet
65.23245250727007,7726.655960628078,2.88,4.492509929533839,0.11327737911036302,0.1625765882304463,0.03492271761386642,0.02720036285293117,3642.870416647049,2843.1320583598986,4.411705852926463,0.029381965552178316,2.5493763353134877,4,0.4455038123594288,91.93448380321115,2.1210345018819807,planet
13.660341864651768,1614.9958045826438,0.96,2.643291019207884,0.0,0.0,0.008886439261827249,0.002340132868974802,617.9532379761353,572.6523783022852,17.09304652326163,0.0033783783783783786,1.380395308844917,1,0.17774886877836493,5.216520400912667,2.613455342376037,planet
106.03625406119042,11685.101748635669,2.88,7.173016807723951,-0.09508658362713107,0.0032176074115264474,-0.04657963916894384,0.09591363454618151,7861.871272553065,5023.524959226477,1.2511255627813909,0.0972644376899696,2.8723181019768065,17,0.7572574995655069,554.070846303793,1.4863001259165776,planet
50.9107112793379,1606.5365828659578,3.84,4.113771220440905,-0.273941917680398,0.17352837793457965,-0.5968188716959275,0.030026286143447243,886.445186707398,447.5598243165457,5.328664332166083,0.03934010152284264,1.326267980489896,4,0.5855663483141829,188.24067005301887,1.8123340220270476,planet
12.838584222288453,387.6503624445982,3.84,1.2808605248556846,-0.33671726078645586,0.0,0.0011803536730987108,0.01052590008556572,306.0036597729064,273.1099009934956,15.200600300150075,0.013125512715340444,1.3369170406677287,1,0.9239496557811873,0.45855144108966633,1.266811958786128,planet
55.17913504171665,27374.497554193586,2.88,4.769639078054355,0.2379832254303458,0.5952490546938703,0.1559393316630376,0.015144895511080244,8642.51331259493,5366.30044107389,7.923461730865433,0.011144883485309016,1.5677907576082375,2,0.20245674037797745,1428.651940706412,3.167422877657271,planet
73.27306354657298,30620.68914447498,3.84,4.853377433702877,-0.4016446113744322,0.1699495642640876,0.6702545962197386,0.046040017273643305,18587.657771776463,5280.542495283314,3.4752376188094045,0.044813278008298756,2.2310580125285266,7,0.26843637883576155,895.1882551240253,1.647366649046167,planet
52.230382495685575,4499.284422393516,3.84,3.1752671662261496,-0.10738524988723509,0.21486611335301561,0.08065558811315315,0.016251619623485175,2156.6142367467546,187.1022984306636,9.845172586293147,0.0187207488299532,1.420943943824116,2,0.3789872983222965,201.13469773652525,2.086271276271176,planet
23.564455002240216,409.48994266832176,3.84,2.8058135756644207,-0.3363342852910306,0.35188766447183256,-0.3289717842705822,0.040077689367834096,332.10880415447366,194.95957878890025,3.992246123061531,0.038461538461538464,1.3181281527413249,5,0.5939624843285607,12.341628111454796,1.2329956464575083,blend
33.30450071875081,694.0723092911917,2.88,3.596909653449341,-0.044092602063820166,0.15067527262113686,-0.012142320167441894,0.049551745507126634,607.3280567139353,564.5431149003955,2.4217108554277136,0.05172413793103448,2.729443510956241,9,0.9336298738850318,6.806542191420198,1.1428274369854732,blend
32.96177815136101,3404.000307774439,0.96,1.956799391108828,0.7396794183806518,0.3880770566783471,-0.0009002011621077602,0.024516326843476925,6977.649678298482,6685.587596927833,1.6315657828914458,0.02456980663473479,3.1973071482590396,16,2.1361411187799852,21.146555392435747,0.48784332502648486,planet
185.95832086618967,247483.0778248576,3.84,9.273096282188598,0.0070858233262641925,0.1735289416470981,-0.07015835812748271,0.015016667449176018,42561.70774204332,5972.813254348841,10.654827413706853,0.005456349206349206,1.3950621394286835,2,0.3738486232259259,1530.378736144957,5.814688487363028,planet
157.888984265502,319.29290441899303,2.88,4.6186176737797116,-0.3396801756349031,0.38666415584269703,0.2679691441269505,0.1634616695059625,460.20387782040535,395.7531073048304,0.7341170585292647,0.16756066411238826,5.680490546813073,38,1.5166742359901144,3.213133553217111,0.6938059977356364,blend
15.721243137244672,1113.7595414336295,3.84,2.0846385769285876,-0.33198039455797723,1.0396592505855962,0.004684901280609917,0.01294296177892884,769.2697006179758,694.9448684174797,12.361930965482742,0.014258555133079848,1.4840664828747927,2,0.5679500345568754,5.595080441490016,1.4478122467668617,planet
65.57694875540425,4602.006829094314,1.92,6.023885771967387,-0.0951157697357923,0.016996588889077232,0.0576462069790766,0.025291791870947333,2308.4136207870692,2153.758941238482,3.1630815407703854,0.025984251968503937,4.3393705327642,8,0.6201801444722398,2.188509849064127,1.9935789643912534,planet
236.90074351976136,3695.6711650387133,1.92,8.929196017699654,-0.005496462873149478,0.35121686350550296,0.039497487919919506,0.023684834123222746,1188.4834864197246,1013.4831585328907,3.3776888444222113,0.014750150511739916,4.563981706267504,7,0.2624942822754408,12.004671845805614,3.1095661805160093,planet
21.194843427772764,372.2916636118228,3.84,2.836986692539549,0.01758593977116029,0.14927868726721788,-0.12097972593261627,0.03170971099985129,268.20356596138544,234.46254784942334,5.045772886443221,0.02692778457772338,1.6380743463738971,4,0.6448261564480887,10.223625514812516,1.3880884625410261,planet
22.665760010856115,16400.216397224696,0.96,2.0569698559072185,0.2057132037936615,0.0,-0.030584319814476804,0.002543337892426604,8078.779973240897,6357.489749926226,15.72736368184092,0.002938819129040876,1.5088067304562336,1,0.31309544332789246,95.08466741263821,2.0300360229527996,planet
123.81974643126314,17083.16746355099,0.96,4.348774167389324,0.0075177434845543276,0.08721268788547833,0.012596896634129454,0.024516326843476925,14924.14113156249,13920.31278632383,1.6315657828914458,0.02118121707945758,5.953724901401519,14,0.8081918615168692,63.78155752346032,1.1446666289395935,planet
15.661665765486143,329.2436710218232,3.84,2.0704651238737912,-0.3664826593901672,0.0,0.022359654325624582,0.011789380563593136,227.8395380010799,205.82637052468655,13.571535767883942,0.01266891891891892,1.4685951036984948,2,0.6382955024655947,4.217967084494635,1.4450618573427998,blend
19.083253900593714,3939.7172017110156,3.84,1.9685915236864489,-0.17566025702375226,0.11490425829872243,0.1427397524781004,0.022217282578494025,3492.88642196743,3054.605755160644,7.2016008004002,0.03264417845484222,1.6570163434428395,3,0.8718083137887492,153.82802662080078,1.1279256173369312,planet
95.23372788664233,20886.834969155832,3.84,4.272652460428554,0.22130920382996488,0.06944896166131807,-0.14164728702459606,0.011926540505267083,5662.735319390623,1607.5241901560844,13.415457728864432,0.013513513513513514,1.8919527776977352,1,0.19649126971526448,304.67221952264646,3.688470342091348,blend
87.48214262899347,1840.5934196657788,1.92,2.2870520142604,-0.016746786398604867,0.15820315311612745,0.007007184249293744,0.06108479755538579,3639.2443163488265,3447.3156191042185,1.309654827413707,0.06066518847006652,4.715781069848339,20,2.1889777336936183,7.407700577195597,0.5057623929327209,planet
20.570635117758187,891.7057782470039,3.84,1.8997432845277753,0.0043778996000393864,0.0,-0.006534202577529595,0.009618524922938125,481.5854482991783,436.0651997025733,16.63456728364182,0.012358393408856848,1.0252840103090002,1,0.6614004387196865,11.810559318697509,1.8516006449023772,planet
98.03394205196881,9580.47281536905,2.88,2.54643243304328,0.02787773640377436,0.7370038492031934,0.0050387634805058815,0.01705570763269224,6633.574923020284,6201.773969186642,7.035767883941971,0.009972416719711436,1.4228877545550975,3,0.8268816656409207,33.779090130421025,1.4442395664941807,planet
22.560733199749755,12231.158642739414,0.96,1.1787209296023404,0.10357297574392128,0.0,-0.0029879181268441714,0.002430284333541024,10460.030875220444,8810.281482955263,16.458979489744873,0.0030994646379261764,1.1357633620466183,1,1.2077431593587682,29.35239049999229,1.169323266759323,planet
80.1099122500933,1441.4812466379562,1.92,3.8632574001185325,0.021965747397777645,0.19811945803907585,0.02024395632929293,0.020801248699271593,939.0859159022583,857.2679837577368,3.84592296148074,0.018589393110989613,2.589344165615046,6,0.6857125266730933,17.451506724563384,1.5349817170575806,planet
48.51772632060589,242.769281342571,2.88,4.253442546228405,-0.04377231069612797,0.5165647680692105,0.07753092365105527,0.059354200173203024,207.66231397470847,175.1837053389771,2.02176088044022,0.06466302367941712,2.344999880864244,12,0.9732382078652393,2.9497425870521137,1.1690523313720118,blend
35.393594771343984,3303.27056257537,3.84,3.5746188623499364,0.030262813325195835,0.26796439351995394,-0.6456430952063912,0.05121537229783827,2691.632361128476,713.434428255999,3.124062031015508,0.052690582959641255,1.5743580593221558,8,0.42830918984086264,109.41781384023315,1.2272364469395873,blend
138.07250867657166,28692.70948871784,0.96,4.447777877907791,1.0111619980118423,0.10920882655513897,0.00143323864641397,0.009168147681018172,16105.068700782842,14877.511157618485,4.362931465732867,0.012698876076485184,3.181320213682806,6,0.4533065902654602,95.93623649576207,1.781594865579696,planet
122.43321923067037,8172.874894086147,3.84,7.4799352152966065,-0.8743687648647351,0.15658745127773332,0.10839837489680748,0.10496882179192649,5625.216129472483,1418.8679520212854,1.5242621310655329,0.10247349823321555,4.326689428227668,16,0.25956229988514484,29.250117027095193,1.452899453652303,blend
16.345534830710058,281.39545524279384,2.88,2.266910669530027,-0.3778608586938303,0.17873486497051705,0.06446073644079996,0.031122932208887448,307.3511319585135,281.3831852641613,3.8556778389194597,0.034513274336283185,1.7152687765051875,6,1.0396854730925076,2.3682529941983907,0.915547432352858,planet
35.559563340710525,2660.164952123167,3.84,1.0461083212536832,0.01310873651272384,0.0027878398326622337,-0.0008271742264426589,0.03866070349329143,6285.07715159735,5976.724171672554,4.138569284642321,0.03629216564585428,3.5742848324923164,6,2.326521868832955,33.84219916361309,0.4232508948909549,planet
22.184274008387344,8882.687067950501,0.96,6.704322246396922,0.04611006193030577,0.0,0.008455335687406229,0.003357618257784123,1885.9134248398457,1728.566957411748,11.913206603301651,0.0006049606775559589,1.4635343551322044,2,0.0,56.278604100491926,4.710015974719973,planet
267.8051718533102,9385.77692344877,3.84,3.3105062072191562,0.07088975298898556,0.16038302578753155,0.0020469309345368695,0.04723325703315366,7800.93415481195,7100.326046193261,3.3874437218609303,0.04542106555364596,4.860055603696567,7,0.8273642982821808,21.020604150192312,1.2031604848886892,planet
173.2880322574446,10420.732891651718,1.92,3.9938001259126583,0.1494091234095113,0.0743525054023469,0.013117287743575075,0.009783433255842407,4615.868602128519,4316.708998993946,8.177088544272136,0.006947992234596914,2.396180500368631,3,0.49294317712110236,26.708499909773135,2.257588231445359,planet
485.3981876606744,9272.817052956187,2.88,4.606320311419265,-0.005396705887148324,0.15264124103214646,-0.0013289637360855162,0.031281215361543976,5248.410708790703,4603.891097000046,3.836168084042021,0.031335012594458436,4.075672321731836,6,0.6180074030599223,56.53431546017625,1.7667853757404168,planet
33.43134173596383,1225.444489142648,3.84,3.043115766576618,-0.07394824884815798,0.28505720172288307,-0.001135336759442199,0.014934628315278298,599.462103302609,125.76002217501437,10.713356678339169,0.016494845360824743,1.4260660644733198,2,0.18652243002909621,42.245813345189305,2.044236721812124,planet
30.925177391530564,4430.665059187141,0.96,4.589270289649782,0.0,0.0,-0.003611493759533851,0.0026399458540370107,975.7946891716031,870.6286353755698,15.151825912956479,0.0010013351134846463,1.3238338530282308,1,0.0749340611594368,10.140766292658691,4.540566338173243,planet
70.16051755920367,1363.2431816761462,0.96,10.98640926036355,0.2849268559638955,0.1504629388600758,-0.1555680986512066,0.03381687460351025,597.9898691315084,441.4320412875483,1.1828414207103553,0.02809573361082206,4.321011910903361,19,0.4720002800921957,9.646043055895458,2.2797056812189314,planet
42.575173941269476,3786.0774032346967,0.96,2.2374179597275465,0.2623512930035347,0.22740358446254758,8.832627553457834e-05,0.009665175873322858,3804.919744540413,3528.974931275963,4.138569284642321,0.009780507221653589,2.8406933187070624,5,0.9404698514773989,5.898053841458135,0.9950476389468154,planet
128.34795138601427,6114.882967273768,2.88,8.800995197068046,0.0034988714499460624,0.2299402985085048,-0.08039106987585468,0.03805504878242246,2257.941590911365,1906.7478219790823,3.153326663331666,0.03314393939393939,5.138483019362028,8,0.342773897380925,26.024613323851963,2.7081658284348324,planet
563.400508338958,9814.228367866304,1.92,7.288199908896244,-0.001492430343483024,0.09868895264512238,-0.013244804108778905,0.054945885586668956,6345.166137777603,5332.932496772969,1.4559779889944973,0.04734144135088954,6.629456829179252,18,0.9150277394791915,18.275340157891062,1.5467249569258377,planet
63.075214876034245,13691.133010331032,3.84,4.311614611839924,-0.029339630063597164,0.07997804765967706,0.12671567707106351,0.01509961287885941,4721.072306816854,2074.385886245422,10.596298149074537,0.013953488372093023,1.7204262128906818,2,0.28472374569102044,878.1982001428246,2.900004325406709,planet
46.03911893740525,987.3215242679504,1.92,5.043587873587705,0.21252167523476048,0.28011105438346,0.12711910885710515,0.016328364304676334,411.5665749153838,366.3718050987419,4.899449724862431,0.01737242128121607,2.9290832337383774,4,0.3300634808707159,11.46836872628264,2.3989293239899636,blend
13.881688297056055,154.3662497212141,3.84,1.9528352722657365,-0.2644924209657416,0.17380787102378115,0.1568491713555498,0.07875892637281456,268.50714959035946,241.75823071542757,2.03151575787894,0.0856269113149847,1.2694376926985687,11,1.7839072924938355,15.51072991291618,0.5749034059365343,blend
12.999021345508098,859.2424132739499,0.96,3.990660548908134,-0.11686869172225571,1.1349781181429865,-0.011053232854748338,0.00433340559288966,376.81690841073544,335.1443325919079,9.230615307653826,0.00422654268808115,1.3930641160183905,3,0.26780416428906706,16.746898027638327,2.2802589635346275,blend
962.4264253522556,18677.827135082163,2.88,7.60032906422834,0.09601472844555729,0.019452897355213734,0.03859153572063578,0.09301279565723149,13334.050268290679,10480.690772994294,1.290145072536268,0.08424216401889223,6.766706649169414,21,0.9864448688103914,98.98708153643474,1.4007616109516063,blend
39.38792350983318,1494.9119781817603,3.84,3.010772874832294,-0.257368519068405,0.4520355017302999,-0.42638209823583395,0.024655232222008095,907.0225406000752,543.8543504892035,6.489494747373687,0.027777777777777776,1.4664466285819326,3,0.44670822384564074,95.96015261799253,1.6481512455484295,blend
16.93635213130087,183.99225641571397,2.88,2.978453675688567,-0.5749020165831429,0.03632207127796647,0.15674971907202298,0.1214889845530514,323.9434922921873,275.96585503375513,0.9877438719359679,0.12605042016806722,1.6618821063277982,26,1.8495718063088145,16.22026746807433,0.5679746400804957,blend
35.216291121516335,2163.5189835477413,1.92,1.520860172672936,0.08246382474676009,0.027214775434213315,-0.003217781848139834,0.05889154851776837,5889.916747551793,5549.85360811533,1.3584292146073036,0.057705063011275703,3.228630565251126,17,2.645701571747586,4.141387203452772,0.3673258398976846,blend
126.38194142992415,14853.52495763651,3.84,3.2395691847834254,0.0,0.0,-0.061250127393798356,0.008586308724832214,4854.605049232304,4052.2395931019696,18.63431715857929,0.01016566265060241,1.5060146464899744,1,0.4468596298155106,74.13461182327926,3.0596766878715957,blend
222.19651489680038,1170.2996496237026,3.84,10.815103241861413,-0.10311504460910614,0.19961980266255708,-0.23552155176679584,0.0904908756542651,529.5831419729755,363.372204435719,1.7681340670335168,0.0922920892494929,5.834935571791671,13,0.37319327222654936,17.470571441093032,2.2098464755076117,blend
55.45984763101908,987.386125907948,1.92,6.911653103535195,0.04531870612509476,0.08743315654287247,0.03540858488205646,0.029367367551189055,429.6277588857719,396.61053560657854,2.724112056028014,0.02348993288590604,3.391352884445962,8,0.3717233184674186,2.969424647072743,2.298230985441248,blend
67.8343998620273,3316.695608002707,3.84,1.4377524101003851,-0.24012188571283796,1.223354025871605,-0.058133377733220415,0.2677605692758477,15593.868126248799,14804.380456230725,0.5975487743871936,0.2660338862769449,4.757773325026518,45,4.700900468379625,92.35521246662769,0.21269228189300307,blend
223.41417906207914,3450.25820203571,3.84,5.080788869882123,-0.4513482697851537,0.1879137980845028,0.041143614498333834,0.1259212598425197,3423.793564028726,184.80262799092094,1.2706353176588294,0.12761020881670534,2.030692828629286,20,0.8614630908047145,58.967618295134294,1.0077293299910626,blend
514.6710368774762,1677.5930288741515,2.88,9.371420517360857,0.13073769190731027,0.11856262521550529,0.11526463092161779,0.04781819994019734,673.691075880858,440.90272985908285,2.509504752376188,0.049331352154531945,5.052986096491512,9,0.4249974970034071,31.687765835773526,2.4901480794184567,blend
62.37345707644103,485.1483445836632,2.88,6.476890765361388,0.06830169993746951,0.26729705861274294,0.14210589215806207,0.11259328796057261,414.36240425697076,286.7111943852252,1.065782891445723,0.10820451843043995,3.1201201958508062,24,0.8295938262812989,40.02733529573115,1.17082816580683,blend
33.88119511800501,4907.6791258198355,2.88,2.5906808885474994,-0.22509135679634817,0.0,0.3116357614651676,0.006143837721544924,1977.3253950283606,1163.5239407328247,19.53176588294147,0.00889248181083266,1.3729350874624042,1,0.504476600120059,12.358646138680017,2.4819772487533327,blend
12.277654203044799,72.66158649917446,3.84,1.9053739573221147,0.003514693170548725,0.6348812488074648,0.013423034086138246,0.08109533468559839,119.12533838027295,106.63102595565022,1.9729864932466232,0.07990314769975787,1.2807637751484948,10,1.362032438424431,5.313558134774245,0.6099539991502589,blend
86.94090847190428,10950.816608024928,2.88,5.371961889818319,0.1685475478592278,0.08960734842812142,-0.014155919166381101,0.0202242643959194,4315.203717187686,622.4178892076937,5.933466733366683,0.021897810218978103,3.2339251926922667,4,0.35302171313199543,408.6847282322897,2.537728178783095,blend
25.960831490645365,116.67984313190355,3.84,2.660740630300187,-0.3013801483692705,0.48855162707109784,-0.2858014307775635,0.20694920737625366,251.90061199279455,215.5863912385314,0.773136568284142,0.20439189189189189,2.7767524638879593,35,2.028773365585015,13.123122338997979,0.4631960955265387,blend
42.18169127540749,301.91111750510873,1.92,5.106610497957911,0.7908796824030792,0.03806434639525796,0.028322323283027966,0.11841540170307294,371.88366148097623,328.34186983521363,0.6755877938969485,0.11297440423654016,3.844533879757231,38,1.114054262212616,4.071621656978023,0.811840736595029,blend
126.35970699482161,5462.724403284597,1.92,2.5593800581995385,0.0841533576391045,0.010708293372527908,-0.0004990458815196585,0.023481389031642316,5729.442770559181,5286.01552818353,3.4069534767383693,0.024676016332327355,4.543007624431204,7,1.1120717676868253,16.646156319363953,0.9534475984134576,blend
36.42153187930823,347.1645365795349,3.84,2.254017312076693,0.23941539563952244,0.0,-0.2438323905383291,0.008769947902385522,162.70512928720038,128.7572453044783,18.244122061030517,0.02069857697283312,1.3840525666626244,1,0.3980570102640985,23.1263893009252,2.133690587443932,blend
189.77752579403318,4462.2201614216365,1.92,4.280580782345964,0.16154657351305252,0.06159867767019412,-0.011098532385122751,0.05607293127629733,4705.110546689574,4427.925142954204,1.4267133566783392,0.05478917230609058,5.127176190375751,19,1.157282170040462,11.904280711441807,0.9483771249931723,blend
60.13717672405046,675.4274453985553,2.88,5.314960566750806,-0.009141901112381843,0.02050383199173672,-0.020049430544987784,0.03209741085167592,331.65854206682036,217.46858343413277,3.7386193096548275,0.035758323057953144,3.13773958744571,6,0.3646313800686951,20.8758765651668,2.036508406148842,blend
13.375128743024307,4657.147328531915,0.96,3.016729760096604,-0.3484734136990381,0.041838822940045886,0.03298432711403715,0.0035992887848574195,2205.624711342274,2015.650342918729,11.113306653326664,0.005390835579514825,1.506069150700966,2,0.30221866230935523,102.14034612871117,2.1114857813739043,blend
104.58248169240348,2990.856518183407,3.84,7.667943218044033,0.1262587548434735,0.26756010241329264,0.2917838141343624,0.04087673333759346,1054.4786316420777,671.4556043254105,3.914207103551776,0.024186046511627906,3.6732423800510565,6,0.3317630587213123,73.86113793282604,2.836334082172764,blend
20.250441218531247,525.5372047547652,2.88,2.92248710060834,-0.10809482341553803,1.1822786472385398,0.048200566137334436,0.12779968034096964,900.8338657901911,850.0618584917908,0.9389694847423712,0.12255406797116375,2.1813278966639285,23,1.7822616335740937,1.1287475395463118,0.5833890590966151,blend
33.50487864545028,1194.7448577346363,3.84,1.0331574750822123,-0.015424199537606147,0.4444793458920562,-0.000593754016559837,0.0980653073739077,4500.869344076803,4337.664651979989,1.6315657828914458,0.09355632070831284,3.10307539220818,15,3.804078106912554,11.286087572840655,0.2654475171245344,blend
26.95192261941487,2694.544844644002,2.88,3.7338146048850733,-0.01621012020155773,0.14067367743790749,-0.00929484605634828,0.00993456473121842,1038.0554094775368,921.7714283052403,12.07903951975988,0.006705783738474434,1.730500065776788,2,0.3208990214961102,67.74144642430831,2.595759556072864,blend
26.466706859667397,583.6915078228069,3.84,2.710716179308179,-0.05987390726254194,0.22483085672413772,0.03045984397065309,0.021461450714621216,384.7532892768045,357.2089328339745,7.455227613806904,0.027710843373493974,1.749854114562914,3,0.682954144187922,7.127245721367429,1.5170500345036586,blend
53.337039506843645,843.2041269805162,3.84,4.918818798258265,-0.688689319678813,0.2071054452644563,-0.6441937514384739,0.08487196497280085,658.2031415355425,345.47093034376087,1.885192596298149,0.07985257985257985,2.8917134348101814,12,0.5605166172644955,12.484632948986969,1.2810677930609524,blend
106.31044404919072,2273.3395740088904,1.92,4.590842064795659,-0.04757131149924292,0.022346525789093227,0.0842009085024223,0.0649553208773355,2253.8992097383084,2036.9424741659147,1.2316158079039519,0.06739761367300871,4.923038811724692,19,1.0887066428576617,10.344233085471885,1.008624767053391,blend
32.28073863992312,80099.85292208684,1.92,2.8725587991938193,-0.12273317871245783,0.0,0.005092502441337073,0.004226774150918462,28196.16105131555,26614.757030163582,18.92696348174087,0.003088803088803089,0.9999999999690223,1,0.1629140468757691,158.23105644802624,2.84080694302683,blend
48.25401058282345,5064.516384569688,2.88,1.368976665543959,0.04001656676804788,0.22896456937721008,-0.005646366849330436,0.03926986985348285,9822.218423533346,9257.765046578215,3.055777888944472,0.03831943418135754,3.601230807142818,7,1.9123998583356183,14.619834889398785,0.5156183308667961,blend
96.54885590958752,579.7186059895538,1.92,8.385319214414828,0.15986579819942984,0.22958060159098445,-0.054475369663025346,0.036898938624826946,253.76372313757344,212.42999739423675,2.1680840420210106,0.03413284132841329,4.314714370842051,11,0.43864296145406795,1.0362127358468296,2.2844727936249476,blend
64.88456069033809,13675.037653065183,1.92,7.499097995822459,-0.03564978482262546,0.8496413033443638,0.03445585387273155,0.010945552855822866,3395.3757470993714,2266.763123938642,7.3089044522261135,0.006405124099279423,1.4184554552347994,3,0.5627548939271091,136.88288895771382,4.027546476174581,blend
62.650298174670844,635.5267998047444,2.88,5.014420510055719,-0.07262935358361307,0.20675407140438518,0.11951478327649756,0.044691197019096414,385.0669243126217,278.3211404920327,2.6850925462731365,0.047276464542651594,2.337372066188185,8,0.61663972404348,10.372762632061429,1.6504277808628507,blend
144.66135064960534,11649.109783571977,3.84,10.04249108916509,-0.3954990471260549,0.11308024998959998,0.34405455874661584,0.07515037593984963,6163.735472780067,481.9181715523535,2.129064532266133,0.07451701931922723,4.077673960428218,12,0.14343744290046093,27.568638481471584,1.8899428674499787,blend
17.91716620375641,895.5297199587417,3.84,2.2359816179041285,-0.15654611790334363,0.4979358811516701,0.2632099262230768,0.025223974763406938,701.6841794133372,608.7612025411637,6.343171585792897,0.026634382566585957,1.6399585806355523,3,0.4435269422479152,50.86761391052039,1.2762557144323232,blend
22.854523870351294,926.0635593435528,3.84,2.5502923761348337,0.10683064384602692,0.4719376964225858,0.16593458742075368,0.027279628129131307,750.240207538684,611.8941000484157,5.865182591295648,0.0264783759929391,1.38043078943611,4,0.7079216921665923,14.097094128105482,1.2343544316656359,blend
259.35906963896247,2462.706368802797,1.92,9.347945881458742,-0.04141273014763604,0.37185229187763685,0.029191494741299527,0.03592900471804089,1002.7580139114953,785.8733189931022,2.2266133066533267,0.02854298041818785,3.8750810722689963,11,0.5208694412867784,29.63081856748449,2.455930422601176,blend
56.99260012485508,3689.5052197452937,1.92,10.50700800200019,0.06245571112093694,0.7687626795184693,0.1517072661964161,0.018501764331578643,914.3088338388395,279.711767555868,4.323911955977989,0.006008583690987125,2.0886186909396676,6,0.25785899957978853,92.1520354773371,4.035289880077592,blend
32.97069692710626,1022.5415833854383,2.88,3.749830513991227,-0.22196001119061243,0.9033828752410645,0.003894711001170532,0.06236318731314181,975.3883005887834,798.6425498521799,1.9242121060530266,0.06289308176100629,2.0103529298707308,12,0.9755444748297882,15.021950215066282,1.0483420135613462,blend
423.3506221844592,454.72718713624903,1.92,9.930495985750655,0.284834157501612,0.2165217846593754,0.031396314476767224,0.03175536139793487,162.40436554778313,106.29690552643734,2.5192596298149077,0.032095096582466565,4.899523601621466,9,0.42650848450265855,4.084619505759825,2.799951747914749,blend
256.44781247185267,1714.8704607818092,2.88,19.860817165715474,-0.022731070931341326,0.07969538636106231,0.17779542870193885,0.08833732277665256,581.6246820273709,308.0729116141101,1.3584292146073036,0.061394380853277836,5.915184853699405,17,0.35494080199956884,12.017097339992732,2.948409112204761,blend
217.54857342952465,2837.9910491562273,1.92,4.278115944418072,0.07703952788430493,0.4020155306564079,0.004742747596874762,0.035158843574804886,2260.333099382717,2074.536576931685,2.2753876938469233,0.028738025822573926,5.212932381505676,11,0.842307115513786,21.443653267548214,1.2555626400235544,blend
37.05723235134968,786.4668020168381,3.84,3.355026881157908,0.11510994949460006,0.17485098278326297,0.10654677007159782,0.01688745743023839,353.8136114628784,223.07549601030541,9.47448724362181,0.013146362839614373,1.58871669661198,2,0.19429914617990598,29.34022173489443,2.222821716619108,starspot
27.703585765119797,183.6266073035823,2.88,7.590641750013401,-0.027755021854649165,0.4571846113328301,0.13922440449314558,0.019153625039923346,49.338122126205285,36.507481440073434,6.265132566283142,0.0034453057708871662,1.8185312605832271,4,0.09946213533532812,2.744351141041226,3.721724250258872,starspot
20.758013796493227,12774.056464383273,1.92,8.783444517089292,0.15800809186857084,0.0,0.1246749470211547,0.021068440814175613,3965.0706608646638,3649.748783403739,3.7971485742871436,0.0034453057708871662,2.2216664850165317,7,0.22158844455493,147.1798467092023,3.221645800368116,starspot
30.423606171488572,8234.568133426346,1.92,4.361474397074256,-0.7246501887035112,0.26526527002247396,-0.011629927800593215,0.060188182160331206,8312.206596893864,5017.7128178440225,1.3291645822911455,0.058712121212121215,3.147328410555989,19,0.5182838163040048,259.8097790275131,0.9906595856079762,starspot
21.815083795417404,6223.451663004226,0.96,8.301742094650567,0.2116210175375625,0.0,0.028323102124135344,0.009508294191093405,1884.3773517932286,1789.9627454022182,4.206853426713357,0.003421727972626176,2.0934816365569713,6,0.2664153567234708,50.88704539315365,3.3026550411608215,starspot
36.480344254018476,7668.079762181237,3.84,3.561618980298858,-1.364490105258399,0.529844039461002,0.7090971841875289,0.06351072279586974,7348.176193712712,509.6532394104347,2.5192596298149077,0.05668358714043993,1.377380233720335,11,0.4796634962207526,501.1346849628182,1.0435349556815587,starspot
70.11296471767389,24292.183870021538,3.84,5.812237206391665,-0.45437766312741473,0.16062363468921478,0.026214606156191214,0.05536437597368877,15074.720754237003,582.9357093931619,2.889944972486243,0.04576271186440678,1.9116359224451431,9,0.5936151859551201,426.86424904839384,1.6114515588451117,starspot
20.72146405001278,264.2622935832151,2.88,1.9889839869593966,0.07412878978368703,0.0,-0.0761817930714912,0.00775018981309468,136.14645148377437,119.89586538330155,15.483491745872936,0.011969532100108813,1.3998194869660392,1,0.45450349607179075,8.755977069895083,1.9410006629078111,starspot
31.719127774626834,258.02541453000293,3.84,3.3341864320293064,-0.5849061415783677,0.039662798048519236,-0.18234165760481527,0.04527746319365798,212.4325665660573,126.24085642820582,3.533766883441721,0.036317567567567564,1.4113330110556928,7,0.5649662300482958,9.108311741354827,1.2146169680287726,starspot
15.695677507456454,347.77577080936754,2.88,2.359768483377592,-0.26988310919852065,0.6409993730387578,0.06464406833087355,0.03573365112468345,392.57648869675427,365.55214884825824,3.3581790895447723,0.044593088071348944,1.878059444119561,7,0.997976142642641,23.567832761258227,0.8858780261799633,starspot
43.308404302975546,2273.3396478008,0.96,13.731422194505868,-0.07033016534000255,0.0,-0.010975974411546302,0.009147694771765245,423.0813335160083,212.62821660089637,4.372686343171585,0.002680965147453083,1.893520999859302,6,0.20915738096710274,30.234765287597188,5.3732795432707015,starspot
22.04393968627674,24633.92325596805,3.84,2.396721885130463,-0.24804637616187064,0.36194646036438943,0.09355288501080081,0.018956289820714182,18175.216804330485,12670.152037771553,8.440470235117559,0.020134228187919462,1.4587545431554527,3,0.6243515750348108,863.4580596795871,1.3553578021001045,starspot
112.606777322103,20412.65831708811,3.84,5.5521484050357435,0.8534707410598422,0.1326642537918463,-0.01017522584609637,0.16524928958925342,19379.846032444133,6516.949753124779,0.9682341170585292,0.17145270270270271,7.115567835996113,28,0.49171349719271895,615.0867266012402,1.053293056591981,starspot
42.0057953410357,35793.68766321104,3.84,3.0360810459658696,-0.5805091352466285,0.18377757610124537,-0.2822815538287089,0.014075915942347894,17895.609217544985,10685.851062395835,11.366933466733366,0.02001906577693041,1.5228794616342192,2,0.5455891997229353,2318.8716016773565,2.0001378677838355,starspot
76.56767699506607,20963.58698736934,3.84,4.854442071020415,-0.8221386756856978,0.17875525035950346,0.5495916800156826,0.0476448681662446,13446.155710954095,602.3537714465732,3.3581790895447723,0.05536028119507909,2.9512048012407717,7,0.20834530430011572,187.55367641807624,1.5590765032725722,starspot
39.89102314185141,787.290332154266,3.84,3.0009148027423285,-0.22567317358089728,0.028691021959177807,0.35104218478157734,0.02807337839023962,550.4458938237129,405.3515524439222,5.699349674837419,0.031967213114754096,1.8400691343799498,4,0.6232802432236769,15.182456880979617,1.4302748203106492,starspot
18.52216530125132,5136.868058092606,0.96,8.75983892825735,-0.000998069757696016,0.0,-0.13168765757089262,0.00933512346039344,1461.8343495948923,1008.1489656367237,4.284892446223111,0.0026431718061674008,1.3358779263131189,6,0.1569349137092656,23.047051642972693,3.513985387968726,starspot
21.246679570707,546.1002498281811,3.84,1.7186229344111061,-0.24539679508454054,0.0,-0.04476208451909092,0.011564940700028926,324.45724245580317,293.6368301330594,13.834917458729365,0.015511892450879007,1.6614731919617627,1,0.497981668948008,9.944004865288168,1.6831141218505778,starspot
94.75647728076399,29480.39244881752,2.88,6.222097024193364,0.7391088474612708,0.15937027788326186,0.030157144656333068,0.18566563467492259,31327.136260612682,11416.906870760968,0.6463231615807904,0.181509754028838,4.427474183600175,43,1.0333505761599273,2644.807710324056,0.9410496785444531,starspot
38.06876210732331,402.10972137085224,3.84,3.7806754806245935,-0.3284145330526723,0.7020722444575264,-0.1978410021550534,0.27220425531914894,683.5283590191615,437.52436244259843,0.5877938969484743,0.2719406674907293,1.9756988289500257,40,1.628192342639812,13.841111622680433,0.588284491463343,starspot
21.586697179843338,1069.1539550853345,3.84,2.38960139498693,-0.11234418828551743,0.0,0.004955029051774432,0.011696898771211234,650.8668322441764,593.8508425958888,13.678839419709854,0.014184397163120567,1.5790167721002397,2,0.45448013707009277,13.028183213841203,1.642659080875018,starspot
13.458967176544627,1085.7420224541615,0.96,5.233214932469805,-0.12326249597220952,0.482043730201806,-0.025463111196363315,0.007806687820356358,467.9406612086783,410.46292333590804,5.1238119059529765,0.00432152117545376,1.382997970481393,5,0.1348315575132256,25.790357594181856,2.3202508185523056,starspot
50.889063977874905,5360.9864964477365,3.84,3.4170495629085433,-0.15977457414037355,0.0,0.021547930471457276,0.010198654379643506,1680.418615917146,332.86324510156675,15.688344172086044,0.01001001001001001,1.4039339625115552,1,0.14254237716250556,723.0864404603202,3.1902665534654546,starspot
32.003896626102545,2210.1311759481227,3.84,2.9940859214467768,-0.16429031416001863,0.20450830241317322,0.1885087280721348,0.02039405725945291,1353.341016056875,420.0596997152584,7.845422711355678,0.024072216649949848,1.3007817663633308,3,0.24924827012586442,31.01951638115403,1.6330913765521047,starspot
69.6667422019122,1253.947313480286,3.84,2.207325198471909,0.04230684092416128,0.1512701158894728,0.0016166512865830908,0.023256862388656607,1013.3797846058701,911.7445348514885,6.879689844922462,0.03361654968599926,2.222583865965064,3,0.6630231143933768,6.5018022883149955,1.237390063566262,starspot
49.36283541792636,7673.454634773486,3.84,3.9750929817026144,-0.5371011975901722,0.5030599310324559,-0.31480513656246756,0.039593958900718,4945.017257519978,1386.356927381205,4.0410205102551275,0.03667262969588551,1.911088978136944,6,0.3242269325324184,183.61062574632626,1.5517545608864691,starspot
39.13860122622938,1269.4700351430924,2.88,2.632386069387439,-0.40510259442123936,0.0,-0.004585025601092119,0.006446480879309882,497.0446792779879,389.9924439050295,18.61480740370185,0.01054481546572935,1.5551758371685764,1,0.21273976514817974,23.87505652620551,2.554030923248611,starspot
19.327297824222335,146.9576848857845,3.84,2.0080093287437353,-0.31884747499752564,0.29192895256359097,0.012116019422672349,0.014680650861772199,105.70772644753548,80.3159775825124,10.898699349674837,0.017436791630340016,1.356333443638638,2,0.6999030607855242,13.260884010092374,1.3902133704989943,starspot
43.596774121502754,1356.7526147699905,3.84,3.603417170301728,0.14689420517677998,1.2137235975713754,0.12960390624150983,0.017425699419760823,562.7352510037122,414.1037471120934,9.18184092046023,0.0196078431372549,1.2687500085366308,2,0.3951109238685625,68.75700150016453,2.410992027526303,starspot
21.77577192869302,17018.46990037665,3.84,2.1695892177061427,-0.43119633842981253,0.5807750967747317,-0.7084862720709607,0.03305156556784127,17679.405718101872,556.6572133152148,4.840920460230115,0.04144620811287478,1.229899304244503,5,0.5243249983211834,1944.3816303451151,0.9626154413287811,starspot
14.9525508062701,923.4930342695176,2.88,2.3005978103779183,-0.44482150227503275,0.10339298399836647,0.04771650791344738,0.19759472817133442,2429.6636456474207,2247.5699543955675,0.607303651825913,0.2005813953488372,1.5941145305772102,42,2.241578405055395,86.5005935141848,0.38009074047477814,starspot
33.2905047591168,10346.017285643731,3.84,3.0826832821728094,-0.0661658787484074,1.0774435486421998,0.10060264279606629,0.01232073036845856,5071.7519297930985,3296.3435503129413,12.986243121560781,0.014967259120673527,1.5417252244676762,2,0.36671257153816883,572.0413380378963,2.0399292766940436,starspot
28.870634385770515,7334.201572349652,3.84,2.0073349708845325,-0.1207699053051039,0.0,0.007265614298442826,0.01137249324420424,3738.1378281892034,3148.037014971572,14.069034517258629,0.012315270935960592,1.675256980296511,1,0.5049344677526514,99.36795710789431,1.9619928283675925,starspot
17.029598068803892,782.5960945898568,3.84,1.5361037102415875,0.1293269179168428,0.0,0.1862534148758167,0.01173875543647808,519.3571429513786,425.2447810054738,13.630065032516258,0.01893939393939394,1.396268297357703,1,0.35409934582612274,80.17113669976919,1.5068524585800553,starspot
134.25309364222824,11058.02671650812,3.84,7.907695704515785,-0.23706057453171478,0.24448483956459285,-0.636346405191709,0.08950328809290613,6782.052898976785,2648.519633246249,1.7876438219109554,0.0964660936007641,4.949300985435877,13,0.26456239252573116,25.335128903529693,1.63048346138571,starspot
13.66425155697593,304.1518403747511,3.84,1.9405473410321823,-0.14298587284690453,0.10403423882619629,-0.02328136425825125,0.051699668633314474,446.89812473202517,411.39052261618406,3.0947973986993498,0.04991539763113367,1.527742448854665,8,1.2812430849665655,9.35600279376228,0.6805827613941516,starspot
32.70352511527192,978.6012063521788,3.84,2.641986702174004,-0.20955240470592396,0.20308674438934685,0.08841080448695185,0.014667522700174265,541.1385366439526,421.9638091992328,10.908454227113557,0.0176678445229682,1.4924347231254693,2,0.47625916818932207,52.840618598709504,1.8084082571775897,starspot
10.502100420693258,2253.1977412931833,0.96,3.759693923456755,-0.17727041934197554,0.4349488211512288,0.010536154299410325,0.005992655324889455,1204.2644086817922,1230.2597666845604,6.674837418709354,0.004918032786885246,1.6062938486543878,4,0.17825657141265427,2.209737992023399,1.8710142507203367,starspot
31.14086419906315,507.62492970643535,2.88,4.700404508346797,0.18055359871187596,1.0308303962883791,0.017513786906597738,0.00924054777634392,157.5571946255951,120.57595083747597,12.986243121560781,0.0055248618784530384,1.2859425300774818,2,0.18552340156592365,8.568367226072398,3.2218249956005303,starspot
16.179073328248876,270.6924618321051,3.84,2.2392479796267977,-0.19595995757039472,0.16636104294861748,0.08265549737860972,0.040473267953179376,322.7477758935654,285.62501512452434,3.9532266133066534,0.03885135135135135,1.2812596049207798,7,1.1593584940804695,21.86827386237553,0.8387094918723187,starspot
190.29441168780562,6344.90137566922,2.88,3.5052373374095485,-0.015276568759442504,0.0,0.003696588290756581,0.00872290909090909,1951.40813469695,1510.8302728024657,13.75687843921961,0.010089362928797925,1.6493989721963354,1,0.41500027952076113,107.32282029167972,3.251445974528848,starspot
37.734875472178125,547.9234890477088,3.84,3.675381996890085,0.04407931930135928,0.0,0.021836966721590058,0.011095538749739819,154.4930992317302,98.64552384220016,14.420210105052526,0.005110732538330494,1.6685789595144296,1,0.07413574743505598,8.049047821306788,3.5465658026580185,starspot
16.435492851207123,9004.344629458921,3.84,2.1654235827520205,0.17120471451906158,0.5034238363090812,0.011129264519473117,0.01378026712623869,6082.629648489108,5180.8700667174135,11.61080540270135,0.018337408312958436,1.2281440202512286,2,0.6064838256811423,102.68122981369127,1.4803372339722043,starspot
19.210548147842285,1124.0606590269542,2.88,2.5704596184676616,0.2339725718770401,0.0,-0.01957741865566775,0.0062058260464634965,444.20198714993796,410.88163042440897,19.336668334167083,0.005046257359125316,1.702000841610352,1,0.4214612372302163,21.669495740707486,2.530511256214345,starspot
17.895544386447842,919.3421404863913,1.92,3.5213453832061123,0.060534943441820366,0.9549899082180459,0.11841017421648939,0.006960306406685237,376.41362733620457,302.5331248739382,11.493746873436718,0.005504587155963303,1.1234015793870955,2,0.4910554618129529,26.033084277392437,2.442365608882826,starspot
17.6692703594191,288.41188369482563,3.84,2.3225963876781552,0.09886186454748712,0.5151592344566052,0.06342965414535211,0.013768699283238985,181.5318623179306,149.81649751721892,11.62056028014007,0.017834394904458598,1.2781574737098886,2,0.6322190281232234,13.34582790277057,1.5887585311672698,starspot
29.817428336975066,1252.7407025958862,3.84,3.1294107139443392,-0.14816535995198454,1.0666520682087064,0.14392039542206195,0.014948239197999673,606.981027081933,479.75478881912005,10.70360180090045,0.015945330296127564,1.538132452918253,2,0.3675781513670256,112.36612204104249,2.063884343690437,starspot
38.89801155986244,280.23994340292893,3.84,3.3910856406634324,-0.32572679124419035,0.9909861223429779,-0.2419775022969375,0.020143594911197885,127.08998533043805,65.50660576182254,7.942971485742872,0.01920768307322929,1.2796841569046433,2,0.26780669545634167,17.285844658369236,2.205033997291797,starspot
31.612528707851784,823.8935879369683,1.92,4.35770362817022,-0.0643787578992938,0.6449346116628614,0.013916824042873225,0.007823492001369796,274.1419683610353,245.91845813165537,10.225612806403202,0.00586756077116513,2.0167347794131896,2,0.29038535484457906,2.874362970210722,3.00534277009773,starspot
64.47860891311004,16307.016857094888,3.84,4.22482359730225,-0.954880411456642,0.06264291377870634,0.7709332663407307,0.059372563578986445,12518.678576037268,742.2417097971978,2.694847423711856,0.07163053722902922,2.6687082457777294,9,0.2471825679131754,360.5395996482448,1.3026147652432207,starspot
10.575059919041172,2783.0112052880636,0.96,2.6834441367274944,0.42326825410653474,0.0,0.011442545854910589,0.0028609764388070917,1048.1396883367984,1014.781144509147,13.981240620310155,0.002697841726618705,1.2271526103989894,1,0.4266671612808338,38.42623039750494,2.6551885984926105,starspot
147.62561567223185,40036.80455494688,3.84,6.471520579288479,0.8218718373177529,0.1099115281116804,0.006237845650497792,0.1758812207863624,33765.50089001723,9381.277825999623,0.9097048524262131,0.17736486486486486,8.218401484771602,30,0.5591495337190134,695.2040257652914,1.1857310661442815,starspot
10.98212951667366,2688.4498565314807,0.96,3.859066948976931,0.1414009887763489,0.9650892513201795,0.0022706851687380562,0.0036056185601875857,993.5833143087534,959.7351126320319,11.093796898449225,0.0027624309392265192,1.4832535953588601,2,0.08284910523593711,2.683954648952184,2.7058094796935905,starspot
123.65246750328163,1794.1043008272663,3.84,7.135454735286254,-0.523937212164943,0.20971840308267645,0.30147668451958753,0.23018351925152933,1803.8536528280795,1080.8678495742852,0.6950975487743872,0.23183072677092917,6.327700918535248,35,0.8341340738974021,37.6375563605329,0.9945947130576589,starspot
284.19474934804373,2749.1719500679205,3.84,17.208710000734204,-0.32580410063232035,0.07504979522091856,-0.01568461315389379,0.22088397790055248,1655.0552322595995,760.6961120347755,0.7243621810905453,0.22939866369710468,9.842981929617908,35,0.3736302646269802,166.0036095412225,1.6610746489951929,starspot
39.89102314185141,787.290332154266,3.84,3.0009148027423285,-0.22567317358089728,0.028691021959177807,0.35104218478157734,0.02807337839023962,550.4458938237129,405.3515524439222,5.699349674837419,0.031967213114754096,1.8400691343799498,4,0.6232802432236769,15.182456880979617,1.4302748203106492,starspot
483.52521492861774,258985.4036354573,2.88,22.459683940433756,0.5840524405029895,0.03302054894646186,0.004628256860953098,0.04602897438357478,65045.25855832968,752.5641609069655,2.607053526763382,0.04357142857142857,6.540482778894208,10,0.3078176587444097,695.1255455922171,3.9816184206815373,eclipsing_binary
538.6632431530285,242200.25455819274,1.92,43.01166219951787,0.38810485413763485,0.28876453705992955,-0.11789142305337255,0.0310343489229575,50047.20663312645,1030.055577142752,2.577788894447224,0.032857142857142856,8.482129452503848,10,0.428458185387198,893.1438763197364,4.839435924850269,eclipsing_binary
622.9526818220086,119969.4150096814,2.88,53.05461108878277,0.25750379834622894,0.05670396504263559,-0.14777079486340772,0.023243059929266993,20674.207720717633,767.296254704064,5.162831415707854,0.02642857142857143,5.752998630509374,5,0.24059038823157713,975.0980143493265,5.802854011503714,eclipsing_binary
620.1247826857613,141734.92509524254,2.88,40.193378372529,0.3148010445927727,0.00030079453144862426,0.2688390438497906,0.09301279565723149,46063.611487558395,1249.7483782097918,1.290145072536268,0.09357142857142857,11.841279048242274,20,0.009789820123825687,171.60920186619887,3.076938985919192,eclipsing_binary
566.5987319317984,190355.96690635994,2.88,30.8982020850745,0.43064370218357,0.020121228400919452,-0.0074642359118286625,0.02302553273181033,33453.97438282056,1377.7534980028427,5.211605802901451,0.025,4.4506292329607655,5,0.2541834574556498,2959.248859556438,5.69008510133933,eclipsing_binary
597.1971232047877,346872.6767139044,1.92,59.19810463696439,0.23373814181970778,0.000854247537084496,0.030245457136180293,0.01004711943205378,34768.5727574207,1032.020461934735,7.96248124062031,0.008571428571428572,3.0311984187232093,3,0.0023516883964168783,622.8114004056266,9.976615064340134,eclipsing_binary
647.8301484873446,72829.54739344469,3.84,35.175486886872754,0.183374187249274,0.0759933271397736,-0.05558961554587896,0.022097554235180325,11445.559429625206,887.8707263562102,7.2406203101550775,0.022857142857142857,3.650646970239636,3,0.04326446581369433,1018.1244694127515,6.363126370372897,eclipsing_binary
554.9160798354551,42649.50611770557,2.88,33.88973480084492,-0.020144884910307626,0.5204633158485883,0.20868376352873547,0.03193078202995008,8394.978371262292,1274.2074760863086,3.758129064532266,0.030714285714285715,3.72312256663463,7,0.29987314611817717,2738.474878853509,5.080358656234872,eclipsing_binary
401.69203181714136,103615.5320020427,1.92,27.766542507070948,0.5286625151550981,0.03405591672909663,0.04080575679948284,0.023753434831043446,20679.414771723237,210.36695696186047,3.367933966983492,0.022857142857142857,5.963448933272901,8,0.5856388353306899,254.67201186064307,5.010563796668048,eclipsing_binary
628.6956872666375,155927.44047184096,2.88,411.7656484704589,-0.0010237837148759578,0.25040262203805286,0.4145221213258395,0.09162719633307867,50521.272089140875,1004.9591707901318,1.309654827413707,0.09428571428571429,10.005713892695193,20,0.35445873916526754,484.30505127854167,3.086371956556183,eclipsing_binary
604.0601116680925,162747.6561305363,2.88,36.15418972725106,0.3286347690311219,0.0012881217038820782,-0.08293490593850797,0.016730950305143853,19865.336137014685,757.5514349720258,7.172336168084042,0.012857142857142857,3.057642166672395,3,0.006878849152416542,931.9372073253904,8.192544380598095,eclipsing_binary
642.1551161027841,71904.72884106255,3.84,297.1783665205851,0.0006837795859761782,0.463590718808952,0.034385772234797295,0.050428064643279466,17491.58954427871,595.2008045077006,3.1728364182091044,0.054285714285714284,6.218913023252393,8,0.3779248770036356,803.3047105996516,4.110817061435372,eclipsing_binary
645.9469224740784,188389.01889641403,1.92,252.5828544544499,0.000437988998606299,0.30277598002121436,-0.18488946672029138,0.022764412811387903,27734.553944478623,1137.5269762667895,3.514257128564282,0.02,4.915044613593925,7,0.31354888546177667,925.9874007598552,6.7925740749598145,eclipsing_binary
457.95307856538176,98264.45390996995,0.96,38.350065305209036,0.4505882129969466,0.028897622518462923,0.03683659052102853,0.00667557188178327,9740.74581149909,860.8142457564583,5.991995997998999,0.0064285714285714285,3.6731384234564555,4,0.027809986263728343,912.5046152976897,10.087979475451244,eclipsing_binary
600.5669016806927,259365.65760408458,2.88,1473.2297403957957,1.0262891659583042e-05,0.6733230429243388,-0.052136775119870624,0.03724844720496894,53444.35797867861,255.92535731222554,3.2216108054027015,0.03642857142857143,4.219811031063278,8,0.33658886254668186,1456.1643218376173,4.8530034331136305,eclipsing_binary
497.06618947062645,72439.3415208287,0.96,49.47798667695195,0.48696466331724675,0.29605999140713773,-0.002395888426427885,0.011876717415521723,10014.498016174324,723.0467688223996,3.367933966983492,0.013571428571428571,6.777877235058967,8,0.43557575080508215,79.61380696122954,7.2334463664964765,eclipsing_binary
534.6157694689682,116753.43088049097,2.88,30.002046580040087,0.3741539046881313,0.011668331040172992,-0.13212727755700243,0.015949998337710696,18206.247618541303,432.17388054250796,7.523511755877939,0.018571428571428572,3.219749997362634,3,0.015929167539328593,678.1598568115438,6.412821956171075,eclipsing_binary
470.2023235117677,233430.5081537147,2.88,1479.6078755106785,-0.00016166908921984034,0.28440981367825885,-0.03261965201688978,0.1214889845530514,98663.1263870128,597.9928400978717,0.9877438719359679,0.12,9.053368197332558,27,0.659403458436064,982.7703531829425,2.3659346134252135,eclipsing_binary
582.805232450215,309253.4209526745,1.92,57.043942091006855,0.27838910816282936,0.0007819953579350519,0.13730110375539128,0.030012198554940413,59398.027257897025,1515.218430326648,2.665582791395698,0.030714285714285715,7.409466801978939,10,0.006612852677048647,779.1596668655061,5.206459372859048,eclipsing_binary
307.7090362257179,75087.81451450178,1.92,25.123537670152995,0.48543757271920834,0.004927279158171272,-0.05974675868377039,0.04679444038039502,23640.097246369078,245.27660013973218,1.7096048024012007,0.04357142857142857,5.874692508443211,15,0.7543840116817683,295.3159590296616,3.176290289996347,eclipsing_binary
504.75365719514537,323105.7937997595,2.88,22.300580150090298,0.5914268793747535,0.12751240777894338,0.14318881485785193,0.07628557799332167,106656.26063637188,666.2616065946647,1.5730365182591295,0.07857142857142857,8.882558906163592,17,0.3330619646934652,1130.915578119259,3.029412327438768,eclipsing_binary
560.3520816310327,153219.99469320383,2.88,337.6129030449468,0.0002398822899898891,0.8606006132905398,-0.4044345998221942,0.11056925558884535,56427.62146535339,1135.6964115608603,1.0852926463231616,0.10785714285714286,7.352576646765548,24,0.5760594293188018,3168.5997554660553,2.7153367092026786,eclipsing_binary
612.1397390595354,318298.4325487293,1.92,78.76393514019519,0.20699765226349054,0.22224523717327951,-0.07169379924497271,0.014958376204283978,41687.30909723607,678.3556496592347,5.348174087043522,0.015,4.3573497240511525,5,0.32741276407328407,429.5387233976045,7.63537949093609,eclipsing_binary
543.3840836686805,100482.43389405424,1.92,216.3975567031609,0.004504987887383347,0.3787706199241968,0.12500587902011043,0.025607686148919135,18032.49056935392,1208.2162082074356,3.124062031015508,0.025,4.549659418539106,8,0.38441932859938144,243.14293359027076,5.572298953119898,eclipsing_binary
604.8071045398299,175249.00453136404,2.88,156.24583357057153,-0.0007934609286331237,0.707482921893455,-0.09819976751579079,0.03414661921708185,33042.001580039876,375.89538835047784,3.514257128564282,0.030714285714285715,3.980493793166513,7,0.41222148283230464,1061.006385033764,5.303825157293252,eclipsing_binary
463.00228705771275,80542.96892386972,0.96,39.292194252367715,0.5418968603612999,0.0018214860102367281,0.0532915756775837,0.005136836695361686,7940.398945287653,727.6534854443462,7.7868934467233615,0.0064285714285714285,3.035667256052245,3,0.006536672676561553,159.54430846426033,10.143439811450447,eclipsing_binary
476.037360832727,77423.19428826525,1.92,52.702986848880315,0.2793078103655647,0.048026505524429094,-0.12013159828119194,0.025768611021592006,14414.266190328772,490.34990174623425,3.1045522761380693,0.023571428571428573,5.943756692946166,8,0.6167822261532043,313.83797142958525,5.371288964326415,eclipsing_binary
526.8922307108365,183503.83982729827,2.88,132.76855055162906,0.0033106376569206697,0.7182790903158339,0.0452485912587499,0.031765874329603386,37496.920272307,1282.6157412211269,3.777638819409705,0.03142857142857143,2.617909999288771,7,0.5897607276318789,1301.4115309279807,4.8938375098764,eclipsing_binary
585.9281880654772,269785.9085753904,1.92,338.6518644034441,0.002345004964930109,0.5458001033149431,0.0023316520604766675,0.021287188019966725,42440.556229721755,961.4734919148882,3.758129064532266,0.020714285714285713,3.823928036005902,7,0.3634207364273406,1488.4535002029913,6.356794683799659,eclipsing_binary
613.3219362115225,179699.36278368806,2.88,62.21381035622605,0.213577521462193,0.011071374365216683,0.12413163983863297,0.02556129788481006,31209.59638842427,309.4670322458803,4.694597298649325,0.02642857142857143,5.016654097298441,5,0.35009827980258434,536.7891914130968,5.757823804876735,eclipsing_binary
525.9639541973381,232429.92863756823,0.96,232.2564590223612,0.0016297510476966596,0.8708361777306529,-0.13428374802791831,0.01201592907055376,30404.32125763303,331.98380337118306,3.3289144572286142,0.012857142857142857,3.9795914147693985,8,0.5764873738180512,1932.8467667661016,7.644634426252225,eclipsing_binary
560.6872579120043,116233.744119537,2.88,25.341057327177435,0.5246159882533531,0.0011086958693920705,0.11665978955202325,0.029064033440358635,22760.988230898052,783.4954499879032,4.128814407203602,0.030714285714285715,6.578053861170269,6,0.029608083796729565,2358.6541003410252,5.106708805158154,eclipsing_binary
633.4080789420433,59580.8261635314,1.92,51.821883252130796,0.28435408532438466,0.016714933853301868,0.038625996157776454,0.021068440814175613,8857.858525587877,1352.7998566750243,3.7971485742871436,0.02,6.90333669470219,7,0.03095925621252603,544.6760528107804,6.7263232151536245,eclipsing_binary
479.80089271893263,174047.624419876,1.92,44.62508590573775,0.3274968685518669,0.0012476042766213615,0.05130967056825975,0.023281409229873342,31783.19595219031,671.3826469996187,3.4362181090545274,0.022857142857142857,6.075193265404701,7,0.5816324700674738,1080.2059279207144,5.47608928962326,eclipsing_binary
266.3776988211147,102139.73139332795,1.92,20.58493241479477,0.5705017977525583,0.06959310977549915,-0.10111806110689472,0.052150660361976194,38066.82381308304,557.9613547549434,1.5340170085042522,0.05285714285714286,5.720633124608549,17,0.8884572102329138,712.7917448877913,2.6831691872084886,eclipsing_binary
555.5243599899036,316451.03027536,1.92,35.086053783439276,0.40631381869710936,0.009282148377542872,-0.08257153837784717,0.010887428941008272,37975.18983978579,211.76326079330732,7.347923961980991,0.011428571428571429,3.6599945442619863,3,0.25609321039235255,3875.5500279080898,8.333099143871085,eclipsing_binary
515.1154846823007,52106.84084588815,1.92,29.364493895241715,0.31520168611331995,0.33860631945090036,-0.10111243156898245,0.011307760296977196,6493.628428562346,1301.4305238809864,7.074787393696848,0.011428571428571429,3.540262471183704,3,0.2713021126587638,333.90588206349423,8.024301574200596,eclipsing_binary
624.9156115530591,108589.11610946296,2.88,56.454562892704466,0.24712240961669973,0.05099378127828245,0.15480089689451032,0.02720036285293117,18934.437660964177,640.2843188662022,4.411705852926463,0.027142857142857142,5.3235083478644105,6,0.1649040091650537,204.6627710659605,5.735005830055773,eclipsing_binary
566.1220665483561,35334.17322099139,2.88,51.668810414658424,0.00499295465386659,0.21057438523280153,-0.26314813750470456,0.048004802881729036,8334.799730398247,1121.246191108205,2.4997498749374687,0.045,5.495677631018766,10,0.2234509953659771,520.0098907644278,4.239354288594142,eclipsing_binary
503.7788189244777,189084.32614022953,1.92,31.94305842098348,0.5354996614909115,0.09073503797011077,0.10322428392689696,0.030458051614131988,38142.794555550485,357.92266032230737,2.6265632816408204,0.029285714285714286,7.691388337304844,10,0.33599828741490506,1601.5153059667164,4.95727498171576,eclipsing_binary
127.44494364034642,37276.26505851678,2.88,7.297533368391082,0.8813869095479141,0.31492042498788775,-0.06454932556766312,0.19144453312051074,38079.99712155004,631.9146675808352,0.6268134067033517,0.19,5.7301087435639255,43,1.57620617504268,260.1946020807998,0.9788935634800251,eclipsing_binary
573.964652941982,229132.90501741195,1.92,351.42807629992535,-0.0002576502004454813,0.5196564729381897,0.1646388573711436,0.027043206223048958,41689.02017386553,1135.6768001709038,2.9582291145572785,0.027142857142857142,4.288230126452666,9,0.4760988299174899,1460.7321295299064,5.496240942232851,eclipsing_binary
569.6330138981917,192660.6603128042,2.88,37.75944309482884,0.35500774049471856,0.005937921773895758,-0.09780955858040602,0.019123849005460995,27963.14995793151,312.8884015775046,6.274887443721861,0.017142857142857144,3.4307600104963134,4,0.3018164146184604,943.4869595175127,6.889805108252926,eclipsing_binary
503.2936938957382,227661.930012434,0.96,40.340275058750166,0.46502822378402603,0.024042229496129695,-0.06468937357851855,0.005653880148488598,21527.119702310043,1240.6656884826893,7.074787393696848,0.005714285714285714,4.160464911082366,3,0.013861694312619998,188.39962649746565,10.575586636070838,eclipsing_binary
605.0672393099813,195316.3659002473,2.88,46.28458627651265,0.2954874090310523,0.015187665928755017,0.08406977958772292,0.01964297412381264,31761.193000409803,530.4572701843035,6.109054527263632,0.022857142857142857,4.8595274850335475,4,0.2599944037052381,1171.815535152399,6.14952844334905,eclipsing_binary
514.4907752262926,261505.46942581038,0.96,42.37843317847803,0.462941106451813,0.0004066546532989067,0.05178725185453597,0.006686457331605135,27037.922895507374,1156.4159685029108,5.98224112056028,0.007857142857142858,5.007669195291516,4,0.005747880175105572,585.3049821151402,9.67180285130036,eclipsing_binary
278.14783529644546,74405.32795005085,0.96,21.850323778599837,0.9594036923288896,0.0421921661947254,0.001470054120157437,0.020787729104380606,16988.31065858656,941.1174523279442,1.9242121060530266,0.020714285714285713,7.350553324784995,14,0.34956071794328103,1738.5430833882228,4.37979532312403,eclipsing_binary
428.9643227052125,67920.86502519359,0.96,51.74766078067888,0.006341731837260317,0.6063041616063574,-0.13228156921715634,0.01034812993399767,8676.441477527782,508.4633312602005,3.865432716358179,0.01,3.738690029619766,6,0.29842379538171937,176.71479489142095,7.828192856820115,eclipsing_binary
549.5177535536449,63365.81721613393,2.88,35.27504977930341,0.35010641486684124,0.0016823446039702288,0.1304087387357758,0.02714035186966114,11468.336537998397,296.8573881545478,4.421460730365183,0.025714285714285714,4.817093304984926,6,0.35470413562907493,1203.049582106582,5.525283591120511,eclipsing_binary
647.6470539350886,288408.35103933356,2.88,850.9314672301191,-0.00013575296522384234,0.31215075219709565,-0.25868579570558375,0.030657550003195092,52548.20243325324,386.90082956760466,3.914207103551776,0.030714285714285715,5.40943447436639,6,0.20149017793031637,2260.123092213733,5.488453119156966,eclipsing_binary
546.0397386147256,271421.6375405865,0.96,42.41808677712747,0.5916108203875761,0.034746384794459115,0.02652830070211784,0.005372392246447409,23230.702170497072,605.5999027956283,7.445472736368184,0.005714285714285714,3.889028077326818,3,0.01648715249244393,1391.9185805104225,11.68374609879615,eclipsing_binary
647.1150141626186,200514.4896762241,1.92,1061.9053625919917,5.693753754060657e-05,0.4622898631675967,0.22481664204394125,0.12377708978328174,73732.51530615389,525.4414857582823,0.6463231615807904,0.125,15.928795468056135,41,0.2320117459705963,2132.6038129999697,2.719485238285414,eclipsing_binary
598.9779597343005,173150.84193360887,3.84,34.73006276621451,0.3046587022400675,0.04468543062336276,-0.1620217743259175,0.03502792684262403,34659.700643108525,991.2776325642359,4.5677838919459735,0.03428571428571429,5.082796113658786,5,0.30630869066943767,1974.9350838415405,4.995739539726732,eclipsing_binary
594.4742852291025,230149.96174912533,2.88,660.4863866195,3.479492937294715e-05,0.8838858577077964,-0.2622044730128997,0.05296533451092956,57028.34950821158,1035.9163100088774,2.2656328164082042,0.052142857142857144,5.209460320169844,11,0.4421276059750798,1837.5566920523397,4.035711355810402,eclipsing_binary
587.0225072032835,213434.63107894402,0.96,87.8492024675196,0.22140705501306263,0.2782789543417629,-0.08443486888418747,0.008573879476731718,19698.017249760884,1134.9899395456387,4.665332666333167,0.007142857142857143,4.020086695301822,5,0.3328270154830285,1738.003037642292,10.83533522878805,eclipsing_binary
502.30609626306466,94250.76807154274,0.96,62.51841442975646,0.2992929373342143,0.006960140702210917,0.046860481099001275,0.012724379376193508,12961.715243581075,533.200374459697,3.1435717858929464,0.013571428571428571,6.659142639171216,8,0.025889995798887733,846.2536487728624,7.27147287445193,eclipsing_binary
646.6538388928909,211705.13938144973,2.88,505.0449887142297,-0.0002425284065942679,0.23970682191770984,-0.26007248977386604,0.05662221173138203,50640.307377481186,1355.4254623879824,2.119309654827414,0.05285714285714286,7.045208408088349,12,0.3011821244950392,1502.4950984612433,4.18056576202824,eclipsing_binary
474.72125242246676,214129.54679513513,0.96,444.0748406555862,-0.002426936094880626,0.03670537598532014,0.07778462485061717,0.029445774258884186,44497.3544306154,681.5448478635356,1.3584292146073036,0.029285714285714286,8.780818088038687,19,0.3602203818091507,1860.6747795030299,4.812185909093558,eclipsing_binary
391.02639859542336,176847.98772427227,2.88,15.7225025941203,0.7940559250469976,0.12742939913040757,-0.03631180734675041,0.08132903882013902,68402.97908988147,973.7959719926525,1.4754877438719358,0.08357142857142857,8.84392950337861,18,0.2985836045231887,2312.8208503889496,2.5853842550703807,eclipsing_binary
354.68157485056275,62403.02672703047,0.96,29.75886547394495,0.5829246554002988,0.014842404358031967,0.05433121845279751,0.014683683775594527,10736.951471211163,535.8307319164313,2.724112056028014,0.015,6.420183296017305,9,0.05003716889213741,3072.976744502968,5.811986864461849,eclipsing_binary
41.80125561041557,13527.937977483196,3.84,3.2190200751748774,0.705748652625986,0.3754004087015266,0.7974723397531389,0.03047256097560976,9924.947060818358,596.6660949467961,5.250625312656328,0.03214285714285714,1.7114408018885061,5,0.32029014951625584,451.7896396826531,1.3630235538348756,starspot
22.61410615397559,12428.574749478828,3.84,1.8732904443614815,0.17452481774664527,0.6909553557071109,0.8859145495566235,0.016219478181495474,9602.813617457234,378.34411231574273,9.864682341170585,0.019285714285714285,1.0886121604867174,2,0.28920517905108356,3126.7828059668045,1.2942637387672324,starspot
66.51276296659779,30293.130954190103,3.84,4.342264854932524,0.05336728577193664,0.025484132886607953,0.9901802834361446,0.043134187457855695,20344.747077254073,823.4656651212591,3.7093546773386694,0.04285714285714286,2.2276965444104952,7,0.07159178837910636,3322.4728527755956,1.4889902219068796,starspot
29.564229027459582,15717.752494971697,3.84,2.6728963863366073,0.6854262346620825,0.05948113908358528,0.8845592994116279,0.0200206566304654,10621.211351935279,503.9697024953327,7.991745872936468,0.019285714285714285,1.1679755637830591,3,0.3624022646125957,1851.2322351230557,1.4798454238708245,starspot
